Date      , Weekday  , Start   , End     , "Notes"
01-08-2026, Saturday , —       , —       , "🎉 Holiday"
02-08-2026, Sunday   , —       , —       , "🎉 Holiday"
03-08-2026, Monday   , 08:52:17, 17:21:33, "Moderate Monday start, catching up from weekend"
04-08-2026, Tuesday  , 09:04:28, 17:25:41, "Slightly later start, normal finish"
05-08-2026, Wednesday, 09:01:15, 17:19:52, "Right on standard schedule today"
06-08-2026, Thursday , 08:56:43, 17:28:06, "Busy day but staying within limits"
07-08-2026, Friday   , 09:07:31, 17:14:28, "Easy finish to head into weekend"
08-08-2026, Saturday , —       , —       , "🎉 Holiday"
09-08-2026, Sunday   , —       , —       , "🎉 Holiday"
10-08-2026, Monday   , 08:58:19, 17:23:44, "Back from weekend, normal rhythm"
11-08-2026, Tuesday  , 09:03:56, 17:26:18, "Standard schedule maintained"
12-08-2026, Wednesday, 08:54:07, 17:20:55, "On track with minimal overtime"
13-08-2026, Thursday , 09:06:22, 17:17:39, "Slightly extended but controlled"
14-08-2026, Friday   , 08:59:48, 17:22:11, "Weekend prep without overworking"
15-08-2026, Saturday , —       , —       , "🎉 Holiday"
16-08-2026, Sunday   , —       , —       , "🎉 Holiday"
17-08-2026, Monday   , 08:55:33, 17:24:57, "Moderate Monday, staying balanced"
18-08-2026, Tuesday  , 09:02:14, 17:27:42, "A bit extra time today"
19-08-2026, Wednesday, 09:00:41, 17:18:26, "Right on target"
20-08-2026, Thursday , 08:57:29, 17:25:03, "Controlled overtime for deliverables"
21-08-2026, Friday   , 09:05:18, 17:16:49, "Wrapping up neat for weekend"
22-08-2026, Saturday , —       , —       , "🎉 Holiday"
23-08-2026, Sunday   , —       , —       , "🎉 Holiday"
24-08-2026, Monday   , 08:53:46, 17:23:21, "Back to routine after break"
25-08-2026, Tuesday  , 09:01:57, 17:26:54, "Steady pace maintained"
26-08-2026, Wednesday, 08:58:34, 17:21:47, "Minimal extra time today"
27-08-2026, Thursday , 09:04:09, 17:28:36, "Small push to finish tasks"
28-08-2026, Friday   , 08:56:21, 17:15:52, "Light day ahead of weekend"
29-08-2026, Saturday , —       , —       , "🎉 Holiday"
30-08-2026, Sunday   , —       , —       , "🎉 Holiday"
31-08-2026, Monday   , 09:02:44, 17:24:19, "Closing August with controlled hours"
